<?xml version="1.0" encoding="UTF-8" ?>
<!DOCTYPE mapper PUBLIC "-//mybatis.org//DTD Mapper 3.0//EN" "http://mybatis.org/dtd/mybatis-3-mapper.dtd">
<mapper namespace="taglist">
	<select id="selectTagList" resultType="taglistvo">
	<![CDATA[
		select tag_no as tagNo,
			   tag_name as tagName,
			   tag_color as tagColor
	    from taglist;
 		]]> 
	</select>
	
	<!-- 태그리스트에 태그 추가  -->
	<insert id="insertTagList" parameterType="taglistvo">
   <![CDATA[
      insert into taglist values(null, #{tagName}, #{tagColor})
      ]]>
       <selectKey keyProperty = "tagNo" resultType="long" order="AFTER">
		select last_insert_id()
	</selectKey>
   </insert>
   
   <!-- 업무에 태그 추가  -->
   <insert id="insertTaskTag" parameterType="taglistvo">
   <![CDATA[
      insert into tagtask values(#{tagNo}, #{taskNo})
      ]]>
   </insert>
   
   <!-- 태그리스트에서 태그 삭제  -->
   <delete id="deleteTagList" parameterType="taglistvo">
      <![CDATA[
         delete from taglist where tag_no = #{tagNo}
      ]]>
   </delete>
   
   <!-- 업무에서 태그 삭제  -->
   <delete id="deleteTaskTag" parameterType="taglistvo">
      <![CDATA[
         delete from tagtask where tag_no = #{tagNo} and task_no = #{taskNo}
      ]]>
   </delete>
   
   <!-- 모든 업무에서 태그 삭제 -->
   <delete id="deletAllTaskTag" parameterType="taglistvo">
      <![CDATA[
         delete from tagtask where tag_no = #{tagNo}
      ]]>
   </delete>
</mapper>
