<?xml version="1.0" encoding="UTF-8" ?>
<!DOCTYPE mapper PUBLIC "-//mybatis.org//DTD Mapper 3.0//EN" "http://mybatis.org/dtd/mybatis-3-mapper.dtd">
<mapper namespace="tasksetting">
	
	<insert id="insertChecklist" parameterType="checklistvo">
		insert into checklist values(null, #{checklistContents}, #{checklistState}, #{taskNo})
		<selectKey keyProperty="checklistNo" resultType="long"
			order="AFTER">
			select last_insert_id()
		</selectKey>
	</insert>
	
	<update id="updateChecklist" parameterType="checklistvo">
		<choose>
			<when test="checklistContents != null">
				<![CDATA[
					update checklist set checklist_contents = #{checklistContents} where checklist_no = #{checklistNo}
				]]>
			</when>
			<otherwise>
				<![CDATA[
					update checklist set checklist_state = #{checklistState} where checklist_no = #{checklistNo}
				]]>
			</otherwise>
		</choose>
	</update>
	
	<delete id="deleteChecklist" parameterType="long">
		delete from checklist where checklist_no = #{checklistNo}
	</delete>
	
	<!-- 업무 중요도 업데이트 -->
	<update id="updatePoint" parameterType="taskvo">
		update task set task_point=#{taskPoint} where task_no=#{taskNo}
	</update>
	
	<!-- 업무 내용 수정 -->
	<update id="updateTaskContents" parameterType="taskvo">
		update task set task_contents = #{taskContents} where task_no=#{taskNo}
	</update>
	
	<!-- 업무 라벨 수정 -->
	<update id="updateTaskLabel" parameterType="map">
		update task set task_label = #{color} where task_no = #{taskNo}
	</update>
	
	<!-- 업무  태그 리스트 수정 -->
	<update id="updateTag" parameterType="taglistvo">
		<![CDATA[
			update taglist set tag_name=#{tagName}, tag_color=#{tagColor} where tag_no=#{tagNo}
		]]>
	</update>
</mapper>