<?xml version="1.0" encoding="UTF-8" ?>
<!DOCTYPE mapper PUBLIC "-//mybatis.org//DTD Mapper 3.0//EN" "http://mybatis.org/dtd/mybatis-3-mapper.dtd">

<mapper namespace="userproject">
	<select id="selectUserProject" parameterType="long" resultType="userprojectvo">
	<![CDATA[
	select project_no as projectNo,
		user_no as userNo,
		role_no as roleNo 
	from userproject 
	where project_no = #{projectNo} and user_no = #{userNo}
	]]> 
	</select>
	
	<update id="roleChange" parameterType="userprojectvo">
	<![CDATA[
	update userproject set role_no = #{roleNo} where project_no = #{projectNo} and user_no = #{userNo} 
	]]> 
	</update>
	
	<update id="transferRole" parameterType="map">
		<![CDATA[
			update userproject set role_no = 1 where project_no = #{projectNo} and user_no=#{userNo}
		]]>
	</update>
	
	<update id="deleteUser" parameterType="long">
		<![CDATA[
			update user set user_grade="비회원" where user_no=#{userNo}
		]]>
	</update>
	
	<select id="selectProjectNo" parameterType="long" resultType="userprojectvo">
		<![CDATA[
		select project_no as projectNo 
		from userproject 
		where user_no = #{userNo}
		]]> 
	</select>
</mapper>