<?xml version="1.0" encoding="UTF-8" ?>
<!DOCTYPE mapper PUBLIC "-//mybatis.org//DTD Mapper 3.0//EN" "http://mybatis.org/dtd/mybatis-3-mapper.dtd">

<mapper namespace="user">

	<select id="findByEmailAndPassword" parameterType="uservo" resultType="uservo">
		<![CDATA[
		 select user_no as userNo, user_name as userName, user_email as userEmail, user_photo as userPhoto, user_bg as userBg, user_grade as userGrade
		   from user  
		  where user_email = #{userEmail }    
		    and user_password = #{userPassword }
		    and user_grade = "정회원"
		]]>
	</select>
	
	<select id="getAllUser" parameterType="long" resultType="uservo">
		<![CDATA[
		select distinct user.user_no as userNo, 
						user_name as userName, 
                        user_email as userEmail,  
                        user_photo as userPhoto,
                        user_grade as userGrade
        from (select project.project_no 
				from project, userproject, user
				where project.project_no = userproject.project_no 
				and userproject.user_no = user.user_no
				and user.user_no = #{authUserNo}) as b, userproject, user
		where b.project_no = userproject.project_no
        and userproject.user_no = user.user_no
        and user.user_no != #{authUserNo}
		]]>
	</select>

	<update id="backgroundChange" parameterType="uservo">
		<![CDATA[
		update user set user_bg = #{userBg} where user_no = #{userNo}
		]]>
	</update>

	<insert id="userInvite" parameterType="uservo">
		<![CDATA[
		insert into user values (null, now(), #{userEmail}, #{userName}, "", null, null, null, null, "korea", #{userPhoto}, null, "준회원", null)
		]]>
		<selectKey keyProperty = "userNo" resultType="long" order="AFTER">
		select last_insert_id()
		</selectKey>
	</insert>
	
	<update id="setEmailConfirm" parameterType="uservo">
		<![CDATA[
		update user set user_key = #{userKey} where user_no = #{userNo}
		]]>
	</update>
	
	<select id="findByEmail" parameterType="uservo" resultType="uservo">
		<![CDATA[
		 select user_no as userNo, user_name as userName, user_email as userEmail, user_grade as userGrade
		   from user  
		  where user_email = #{userEmail }
		]]>
	</select>
	
	<select id="findByEmailAndName" parameterType="uservo" resultType="uservo">
		<![CDATA[
		 select user_email as userEmail, user_grade as userGrade
		   from user  
		  where user_email = #{userEmail }
		  	and user_name = #{userName }
		  	and user_grade = "정회원"
		]]>
	</select>
	
	<select id="findByKey" parameterType="uservo" resultType="uservo">
		<![CDATA[
		 select user_no as userNo, user_email as userEmail, user_grade as userGrade
		   from user  
		  where user_key = #{userKey }
		]]>
	</select>
	
	<update id="signUserNamePwUpdate" parameterType="uservo">
		<![CDATA[
		update user 
		   set user_name = #{userName },
		       user_password = #{userPassword },
			   user_grade = "정회원",
               user_key = null,
               user_photo = #{userPhoto}
		 where user_no = #{userNo };
		]]>
	</update>
	
	<update id="updatePassword" parameterType="uservo">
		<![CDATA[
		update user 
		   set user_password = #{userPassword },
               user_key = null
		 where user_no = #{userNo };
		]]>
	</update>
	
</mapper>